<?xml version="1.0" encoding="UTF-8"?>
<?xml-stylesheet type="text/xsl" href="biblioteca.xsl"?>
<biblioteca>

<libro>
<titulo>El quijote de la mancha</titulo>
<autor>Miguel de Cervantes</autor>
<editorial>Editorial Cervantes</editorial>
<year>1605</year>
</libro>

<libro>
<titulo>El principito</titulo>
<autor>Jose Angel</autor>
<editorial>Editorial Principe</editorial>
<year>1905</year>
</libro>

<libro>
<titulo>La vuelta al mundo</titulo>
<autor>Julio Verne</autor>
<editorial>Editorial Verne</editorial>
<year>1110</year>
</libro>

</biblioteca>